id,winner_model_a,winner_model_b,winner_tie
136060,0.2567438769655476,0.2865568446713833,0.4566992783630691
211333,0.28885360564899676,0.3826827645207145,0.3284636298302887
1233961,0.3900341311844112,0.3315239645335963,0.27844190428199256
